<?xml version="1.0" encoding="UTF-8"?>
<!-- This file was auto-generated from WSDL -->
<!-- by the Apache Axis2 version: 1.7.8  Built on : May 19, 2018 (07:06:11 BST) -->
<serviceGroup>
    <service name="crearTablaAmortizacion">
        <messageReceivers>
            <messageReceiver mep="http://www.w3.org/ns/wsdl/in-out" class="edu.itq.soa.amortizacion.CrearTablaAmortizacionMessageReceiverInOut"/>
        </messageReceivers>
        <parameter name="ServiceClass">edu.itq.soa.amortizacion.CrearTablaAmortizacionSkeleton</parameter>
        <parameter name="useOriginalwsdl">true</parameter>
        <parameter name="modifyUserWSDLPortAddress">true</parameter>
        <operation name="crearTablaAmortizacionOperation" mep="http://www.w3.org/ns/wsdl/in-out" namespace="http://itq.edu/soa/amortizacion">
            <actionMapping>urn:TablaAmortizacion</actionMapping>
            <outputActionMapping>http://itq.edu/soa/amortizacion/crearTablaAmortizacionPortType/crearTablaAmortizacionOperationResponse</outputActionMapping>
        </operation>
    </service>
</serviceGroup>
